great tinamou,5655864,3156506,8090208,9603197,13025463,7240013,4737837,10924167,14738900,2631705,1774857,4997686,9010804,7431772,11116950,592904,6842732,4145726,8619416,10396085
bonaparte's tinamou,14866379,7233613,4666659,9669239,11445910,11115641,8419680,5393977,2500375,12432535,4931381,8089446,11322027,9864827,12376766,2961701,5265220,9474434,7040609,10922134
highland tinamou,2961701,5265220,9474434,7040609,10922134,8031853,5728078,3093805,9609867,1580309,3419172,7829349,12570549,10398604,10143059,4866617,7958632,11715244,10528661,13363096
little tinamou,3549991,6578013,10196369,8156786,11775658,6380867,3419682,10656103,12696225,11966752,4474944,2369827,7955814,10123636,9275803,6841429,2959903,10132628,11977657,921097
pileated tinamou,2961701,5265220,9474434,7040609,10922134,11115641,8419680,5393977,2500375,12432535,8749691,13751970,4532786,6644314,7935258,7044183,4408116,10857616,7644247,4754980
rufescent tinamou,15724253,11112807,14012608,12761258,8413243,16579579,8809555,11771525,5719352,14274761,16579579,9068101,14470597,14589278,12491655,16316136,13024141,8547153,5587515,10914921
thicket tinamou,4009499,6837809,9733459,13084789,1643532,7369803,9672566,5262128,4547880,6852384,3092518,5393727,8154975,10325626,11232078,5982538,8021349,3746346,2167569,10785943
boucard tinamou,2893086,5062708,8158069,10592676,6191663,11115641,8419680,5393977,2500375,12432535,8618850,11907486,4931118,7038028,13683652,13023113,10061389,5719080,3680275,7430206
boucard's tinamou,14140576,8548166,11772279,5324067,9732148,13023113,10061389,5719080,3680275,7430206,2893086,5062708,8158069,10592676,6191663,11115641,8419680,5393977,2500375,12432535
slaty breasted tin,16514043,13420480,9536366,2762533,7495756,13093583,7961709,10790564,6183766,3552565,11115641,8419680,5393977,2500375,12432535,16185064,12104327,7691853,9601125,5323315
slaty breasted tinamou,2893343,5259828,8223862,10527141,6126893,8618850,11907486,4931118,7038028,13683652,8285517,5128234,11311479,13285014,2892054,16185064,12104327,7691853,9601125,5323315
choco tinamou,13752271,9738127,5987670,11777965,3223594,3748650,328707,6970442,9004096,9012337,16579579,8408890,12283198,13878461,11242366,16513786,6240811,14405836,12428444,10647661
chocu tinamou,11115641,8419680,5393977,2500375,12432535,16447993,5916473,9403752,11971740,14210254,2961701,5265220,9474434,7040609,10922134,7044183,4408116,10857616,7644247,4754980
kerr's tinamou,16382457,12961221,8355710,11382189,4210752,3234505,13489641,16053491,8888794,6384523,16579579,12240002,14569794,14144554,5756809,16579836,11776158,9389897,6250907,13620033
eastern chachalaca,3029285,7306573,4869685,10330737,10061399,2115854,4945707,11577459,8883286,14670225,9605190,5789464,14406826,4075022,8153403,3420708,10983041,8352093,14338745,12758937
mexican guan,1512468,10389889,8064780,5323310,13936755,657679,13093583,7040372,9606557,4408652,15325630,5994076,690260,2039324,9723204,15987699,6053679,12156462,12301997,9574935
plain chachalaca,10928517,4010802,9478770,2300184,7959661,10725004,5328709,12370080,7566689,15066829,6717226,8493891,10850166,7758152,8945778,5661011,3553587,8161656,14737892,1578776
texan chachalaca,5735501,7776369,4997941,2893603,10209950,14005394,11638650,7298115,9008217,4798755,6188105,4804147,8029543,3944483,10789283,5661011,3553587,8161656,14737892,1578776
texas guan,921375,8350572,8425390,4729635,4674670,4869726,12363939,14407901,987415,8419186,10659504,3552048,8089957,15062470,11635822,7564649,4341307,13805468,10463924,15856371
grey headed chachalaca,3885610,7899495,12704183,10794650,5336384,11648666,8752490,4738093,3157790,4943398,8818267,12437379,5461811,14212521,3421724,6909523,3355937,10727309,12635826,8687733
red tailed guan,7770313,2762030,15987950,7434366,12375919,16119285,9540748,12698302,2051796,4814504,16645372,8677968,4731430,13813947,9385772,16119286,3751751,12632517,8290434,265730
rufous vented chachalaca,10593609,7700534,4474655,2368014,7624247,11649437,8488565,4473400,14379454,13951182,1719821,6117174,10984821,11182133,12433064,2505243,4808507,10920604,13027013,10848624
rufous tailed chachalaca,5265719,8953683,12110763,10141473,7181843,2505243,4808507,10920604,13027013,10848624,8753969,4676115,16119029,13487566,12169543,6781280,9808285,3556404,7248729,11976380
rufous tipped chachalaca,7497000,4865558,11704154,2760207,13874562,15396594,6444097,10260086,2300693,12762811,10199916,8027734,4209711,2300949,6447692,16579577,10256219,13805162,14734011,3027757
rufous bellied chachalaca,7633984,13555164,9409890,10857368,5330476,14015971,7826243,9931607,11251083,3484185,4734508,11903856,8367845,15061659,1511693,10593609,7700534,4474655,2368014,7624247
wagler's chachalaca,8610372,12553056,5977887,7439949,5661241,10928517,4010802,9478770,2300184,7959661,3420708,10983041,8352093,14338745,12758937,4935727,8621417,14541532,3092514,10726805
west mexican chachalaca,5000511,9605517,6842461,2828318,11645103,9221349,4671521,10655328,6191971,8149309,7961965,10397843,4472895,7836230,2959398,9341556,6644049,11908763,4143920,10067796
white bellied chachalaca,6781280,9808285,3556404,7248729,11976380,6653787,4212024,9552517,1645083,9140332,5265719,8953683,12110763,10141473,7181843,12049648,5197373,2367520,7305343,10919281
white vented chachalaca,9079371,12500084,4147486,14341555,12039455,6712412,4080180,9870215,2631968,11842735,5853001,1512722,10917780,9469047,15065312,8159855,5462846,10922662,4014635,12633286
creasted guan,16514042,5793841,1780260,10002762,14277319,7044155,2897705,13947065,9608520,16053233,5728055,15921903,1384999,10658407,13421250,11653255,5792579,3880491,7836760,9910344
crested guan,16514042,5793841,1780260,10002762,14277319,7044155,2897705,13947065,9608520,16053233,5728055,15921903,1384999,10658407,13421250,11653255,5792579,3880491,7836760,9910344
black guan,16119285,3289650,263172,8947848,12434877,15856113,394758,13158600,10395294,5921370,15658480,5657946,2631468,12105403,9802905,14341584,4210236,1579030,9670025,15821180
black sickle winged guan,8752214,12237974,4605241,14080206,2630955,8031835,4603961,13029560,10931039,9980500,5922366,2435342,9213277,7237734,10595941,7698259,4076326,11385235,13556166,9937208
black chachalaca,3420708,10983041,8352093,14338745,12758937,6717226,8493891,10850166,7758152,8945778,7497000,4865558,11704154,2760207,13874562,5661011,3553587,8161656,14737892,1578776
black penelopina,6385231,2567713,10723487,12829134,12669264,2764314,5528113,9475665,12765318,1052936,15856622,4867637,988433,10788982,13134921
highland guan,14281888,8888121,2109449,5463322,12608817,6776373,9870940,3222548,11714159,5266013,10202752,4936761,7502183,7905835,12762813,6781259,3357490,11055501,12963259,13859676
little guan,3418655,8415058,14530700,12750181,11248784,5862023,3948597,8488537,879949,13027275,13686484,6514021,16317174,9278867,12686463,12240077,11636817,1183759,6332102,6641479
derby's guan,2828589,10327708,657676,12367291,6183521,16447993,5065289,1711392,9274496,13683914,15790577,5132368,12961737,1710618,7764089,15921906,3026477,5658454,8619139,12500670
horned guan,4343613,15724783,1645849,8224115,11119004,4540482,14803165,2369316,8618872,11184533,11453859,8490098,3094829,6971720,10509892,2501413,6317656,11514023,9606026,13816798
central american curassow,11053138,8617546,4604968,11052673,3091991,9933656,4345391,8287042,2764064,5466691,8428387,6778461,5131079,9281696,9189725,8748888,3420718,10721655,5988668,12759438
globose curassow,16382456,3554103,6581612,10922669,11560016,7636569,10597754,4147771,12833945,2830894,3353897,6444876,11250604,988960,8616049,15855068,6776151,12499620,9802367,1447700
great curassow,1648403,6577222,16053743,3695171,11101516,1581585,4672816,5277238,9916239,6794820,14982665,10645010,3287323,13815216,11510399,3555622,15922418,6722890,9457230,12567740
mexican curassow,6184265,14276287,9999983,16163447,16448500,2828578,8025714,13749445,5986386,15658215,8748888,3420718,10721655,5988668,12759438,3489841,10205054,6783067,10129764,1646616
bearded partridge,16514043,5984334,3222316,9799296,12564149,1378565,5058067,11697755,7356181,14790788,9987669,14329745,4402728,16447990,7817016,4408124,9407093,13355192,7694675,8493734
bearded tree quail,16514043,5984334,3222316,9799296,12564149,4673113,5749982,15200242,11580086,394759,16185078,2829106,12303291,6184548,9342608,16382456,9602166,13092544,6379083,10641732
bearded wood partridge,10188887,12567225,5062976,9388844,9346706,16382456,9602166,13092544,6379083,10641732,5719343,12558728,8809295,15921126,11560769,11449273,6968902,12492667,9652256,3026729
long tailed wood partridge,11175261,13612928,5326631,14924348,8153422,8687212,11649181,4935742,13950427,11898977,13808017,11571310,8350545,9604688,6967358,8616555,11511453,5919558,2433054,12697529
long tailed partridge,10848612,7560518,13024170,5850420,12756086,12237500,3814964,1644310,10328985,7894386,16514043,5984334,3222316,9799296,12564149,11251549,14667437,8745289,7098936,11506031
long tailed quail,11903889,6642000,9537136,2300950,591365,11970969,9078638,6116677,13221554,5128242,9600081,11704676,5323821,7823431,3349780,12093785,9208928,5785135,6578774,12101261
long tailed tree quail,11903889,6642000,9537136,2300950,591365,7040103,4340532,8885401,1118739,12568257,3093804,6777176,11116187,12827324,9595995,12093785,9208928,5785135,6578774,12101261
long tailed treequail,3292971,6120276,12697269,8486257,593162,6974028,10263167,3223075,13618358,13025149,5139008,7906685,2372889,8616315,6529836,9674869,5527377,7435628,3027758,14539977
mexican long tailed partridge,6974028,10263423,3223331,13684150,13025149,11975360,5722952,13555167,9802128,8156270,5395014,10129293,13027794,11446187,3157287,9804711,13224654,4274999,8026753,15197409
buff fronted wood partridge,16381941,8150087,4273193,14141364,10696747,2827811,6248774,11580325,8357752,15658731,16514042,9069900,12825253,14591340,11751481,16382456,9602166,13092544,6379083,10641732
buffy crowned wood partridge,9142107,12235136,5916974,3418392,14144420,8087111,10719598,4273186,2169361,12824200,9274465,12169877,6049845,3747355,12030305,7368520,9673056,4603435,11513721,3089944
buffy crowned tree quail,9208672,12104340,5984053,3681819,12030047,7368520,9673056,4603435,11513721,3089944,7438425,10594435,4212274,12434604,2698528,9142107,12235136,5916974,3418392,14144420
buffy crowned treequail,9208672,12104340,5984053,3681819,12030047,7368520,9673056,4603435,11513721,3089944,7438425,10594435,4212274,12434604,2698528,9142107,12235136,5916974,3418392,14144420
guatemalan long tailed partridge,6710060,9674325,2959119,11386472,4478299,12303757,9672045,5462608,5275570,13618636,3160340,7173677,12237426,11583256,10064735,6714952,4280610,10066573,2568213,5931540
highland partridge,11779529,14607592,9009504,5128499,10580281,14738146,10856613,8018503,9933965,6438956,3945010,12436160,9345436,6581877,8274994,11237466,15724527,5326387,12039082,2629399
highland wood partridge,8424057,11977139,4868933,10315323,14852457,7170148,9473416,4406067,7223815,11826734,5332032,8618589,2371362,10395268,5973275,5328459,9144963,7565933,3354154,11974092
mountain partridge,15461612,9530963,10917512,6765087,13141574,15987439,10059102,12169359,14801346,11179888,13676181,10719604,7957071,7439696,4670000,16053235,9466969,11902082,13943215,5193001
mountain quail,13287606,9735297,5853256,7695714,3879725,15395564,8089967,10327959,12368316,3878701,9600081,11704676,5323821,7823431,3349780,15921906,4669238,2037263,7499880,10591376
painted quail,10918531,8221017,16250871,12959409,5192753,16053233,10384727,11968392,7293746,14535605,16447990,7692346,12165235,13746337,3878422,15392971,9210489,12234904,6782081,16711420
plumed mountain quail,8225378,6119493,11183760,10329437,12959159,13287606,9735297,5853256,7695714,3879725,9600081,11704676,5323821,7823431,3349780,15395564,8089967,10327959,12368316,3878701
plumed partridge,15922420,7958879,10130303,13223355,4931902,10848612,7560518,13024170,5850420,12756086,15856370,7432539,4735036,11578533,8866630,13881800,7958109,10590075,6180158,16185078
plumed quail,9737844,6708559,15592681,13289405,4406068,9998984,8090990,16185078,12828602,4799807,7368555,4407095,14144455,10656385,16382456,12697497,8946533,16118770,10461032,6906712
san pedro quail,10786697,7233875,15000802,4143417,8165959,4999198,8553295,14607060,11645882,12834125,10656643,13353131,4732718,1905422,10179883,16579835,6840661,13881805,11510411,1973787
arizona quail,11573619,8547663,3616290,6837822,1841171,11970969,9078638,6116677,13221554,5128242,9600081,11704676,5323821,7823431,3349780,15395564,8089967,10327959,12368316,3878701
blue partridge,11969422,7755323,10454895,13683140,11628603,9664343,4206627,13349782,7559488,15918032,9081225,7168337,12159581,4339761,13228760,11183776,7228733,14275787,13869404,11302984
blue quail,7835329,16448250,11500346,12633810,6772809,15790320,5985109,2563875,11117471,13355461,14533796,10589061,5784371,7495243,4402205,11970969,9078638,6116677,13221554,5128242
chestnut bellied quail,8219468,10590062,4996650,11121769,10189910,5921622,2039328,11051674,13026500,13737756,16382456,9602166,13092544,6379083,10641732,14147524,9341061,4078134,6577752,1710360
mexican scaled quail,14336163,10457213,5457207,8417889,16111283,9413728,12892066,6315874,8487555,2826526,9330500,10977380,3744537,10329232,1443848,13222069,9669760,5787719,7695972,3879724
scaled partridge,15987439,10059102,12169359,14801346,11179888,16053492,10792082,4736834,15776021,1307892,16053233,10384727,11968392,7293746,14535605,15855603,8614770,6574672,12827325,10589075
scaled quail,8745030,4281381,12827040,10501154,15724004,11970969,9078638,6116677,13221554,5128242,16053233,10384727,11968392,7293746,14535605,14533796,10589061,5784371,7495243,4402205
douglas quail,16513786,10522245,12498351,7753792,3419437,13320213,13745331,6575697,16052718,2893088,14009997,5457210,9932162,14848597,9523753,8159041,5001507,11970176,11961692,13485228
douglas's quail,8158076,5986907,11250088,4671046,13158085,7697781,15132390,12368827,5395026,10394780,3096599,7367999,12235157,13947585,8622370,7500146,15856113,4934218,14145495,11447468
elegant quail,10791347,7675415,10122864,8736582,14195844,16053233,10384727,11968392,7293746,14535605,16053492,7826515,10720381,12892844,3813654,13222069,9669760,5787719,7695972,3879724
california partridge,16250871,6183005,3485486,9799289,12894657,16053492,10792082,4736834,15776021,1307892,15921904,10122832,13748922,12230013,5783852,16053235,9466969,11902082,13943215,5193001
californian valley quail,7697508,12829612,10394762,4404262,11584867,16250869,6972245,9537913,12170401,2432792,10263711,16052979,6050384,7893366,3944233,16579836,5262668,2564895,13750736,10066071
canfield's quail,16185078,8750469,13750737,11711154,4934475,16447990,7692346,12165235,13746337,3878422,14803425,5391170,1579047,9654319,12104110,15395564,8089967,10327959,12368316,3878701
catalina island quail,3158311,11772560,6710620,13944764,8227212,4144175,15789804,1579537,10587769,7168858,16119284,8684915,13421508,5593931,5796735,14736601,3552812,12696500,6973277,1185039
catalina quail,16579836,7758163,14274767,11772828,2563094,4343831,1119240,12302265,8486526,6447191,7697508,12829612,10394762,4404262,11584867,13220742,6445375,8551260,4339490,10721650
crested partridge,10851454,4274215,14342846,9189923,6523757,4866876,7693138,9410170,2829094,13150610,12758110,6638629,2694674,14119482,16046904,16053235,9466969,11902082,13943215,5193001
san lucas quail,2500141,14408672,65793,6842997,9410206,16708608,16680704,16691456,16697856,16668160,4930883,11053981,13225414,6510931,8287594,7439162,3297054,14584582,9672853,2234383
san quintin quail,16447993,7566184,12500665,1776407,8963032,15657960,6907996,12300456,4407867,1184271,6403483,13558187,8157777,11234619,10003569,5463096,12630696,10131074,15064525,7497557
valley quail,16579836,5262668,2564895,13750736,10066071,15395564,8089967,10327959,12368316,3878701,16579836,7758163,14274767,11772828,2563094,16579835,6840661,13881805,11510411,1973787
desert quail,15000547,7166291,3092277,12893875,10128774,15395564,8089967,10327959,12368316,3878701,9600081,11704676,5323821,7823431,3349780,13222069,9669760,5787719,7695972,3879724
gambeluuus quail,16053233,10384727,11968392,7293746,14535605,15395564,8089967,10327959,12368316,3878701,13222069,9669760,5787719,7695972,3879724,15921904,10122832,13748922,12230013,5783852
gambel's,15987698,9537669,7102814,12554097,3616301,16053233,10384727,11968392,7293746,14535605,9330500,10977380,3744537,10329232,1443848,13222069,9669760,5787719,7695972,3879724
gambel's crested partridge,9330500,3744793,7828069,10328975,1312776,3093804,6777176,11116187,12827324,9595995,16053235,9466969,11902082,13943215,5193001,13154976,10918274,6445391,8221285,4077363
gambel's partridge,10456950,4735804,6511957,2367260,12563357,16053235,9466969,11902082,13943215,5193001,15987439,10059102,12169359,14801346,11179888,16053233,10384727,11968392,7293746,14535605
gambel's quail,16053233,10384727,11968392,7293746,14535605,15395564,8089967,10327959,12368316,3878701,13222069,9669760,5787719,7695972,3879724,15921904,10122832,13748922,12230013,5783852
olathe quail,8749165,14803939,11181463,6444105,10513019,11843511,7038295,9604482,3684125,11711799,15461353,6377796,13618890,11709605,8022620,3686195,8092006,9809875,8557216,13621992
quail,15921649,6839900,13025982,9933198,2763309,16645371,10453103,13546659,7427658,14128755,14803425,5391170,1579047,9654319,12104110,16053492,7696231,5458749,12696504,2104343
banded quail,16448250,7300694,3748650,10128502,14013130,8947583,5393998,3354153,14012107,14792602,16382456,9602166,13092544,6379083,10641732,8682314,11777705,4210213,5598296,9456925
barred quail,12888453,10256994,16184560,14404786,5457463,12888710,10190686,15458249,16448249,7363137,10918531,8221017,16250871,12959409,5192753,3550764,6314063,15987955,8420209,12961221
american quail,16053492,7696231,5458749,12696504,2104343,16053492,10792082,4736834,15776021,1307892,15987698,6245434,3088404,10127479,13155752,16250871,6183005,3485486,9799289,12894657
bob white,16053235,9466969,11902082,13943215,5193001,16250613,11371883,14076088,7759193,2234904,16053492,7826515,10720381,12892844,3813654,16250871,6183005,3485486,9799289,12894657
bobwhite quail,12093785,9208928,5785135,6578774,12101261,8553334,11053723,5262408,3551792,12895163,15921904,10122832,13748922,12230013,5783852,16250871,6183005,3485486,9799289,12894657
common bobwhite,16053235,9466969,11902082,13943215,5193001,12093785,9208928,5785135,6578774,12101261,16053492,7826515,10720381,12892844,3813654,16250871,6183005,3485486,9799289,12894657
eastern bobwhite,3093804,6711639,11050650,12695480,10781042,11907505,9801356,7366240,5261638,13475439,8553334,11053723,5262408,3551792,12895163,12093785,9208928,5785135,6578774,12101261
florida partridge,9209729,3420972,13420994,6708815,15198176,7499877,3423277,12762806,15856626,7619130,11058889,5528126,1656206,9539696,2594764,4602420,9011564,14408928,12169889,6583192
northern bobwhite,16250613,11371883,14076088,7759193,2234904,16579836,8877670,11577503,14013391,4996914,12093785,9208928,5785135,6578774,12101261,16250871,6183005,3485486,9799289,12894657
quail on toast,14144982,10784380,7161655,11036227,8298548,14803168,11771270,7883834,4074528,9220662,14408922,11709572,6507825,10978378,13681204,13031132,6449738,9151662,14993191,3225637
texas partridge,8225123,5198397,11122585,9330007,12900289,10532733,9343115,5461844,13222331,8024934,10456700,7759959,4800309,12167062,2037525,9271154,3615270,13420743,6508362,11248029
virginia partridge,16381943,5196363,1776670,13945022,10781297,2760469,8084802,12434368,8363711,5202042,9987669,14329745,4402728,16447990,7817016
back throated quail,2894894,7105127,15856370,12501442,10315096,9275773,5394247,15000029,8872782,5868353,9472898,5460554,15197410,3223338,4551726,10584399,12952955,7756856,14270633,5455652
black throated bobwhite,7109965,5528644,10656891,4407871,8493403,10005321,8879450,5457461,11443325,3747619,7180619,10468960,4874568,11981119,12046746,9731677,11902591,6903614,4207655,13349779
black throated quail,16382456,9602166,13092544,6379083,10641732,8553334,11053723,5262408,3551792,12895163,5661500,12963023,4867390,15790837,9609361,12093785,9208928,5785135,6578774,12101261
honduras bobwhite,7180619,10468960,4874568,11981119,12046746,8561224,5529915,13030306,9811640,11786557,9333583,11307885,6374704,12296068,4007962,9994321,14072968,4796191,7949606,1838859
yucatan bobwhite,12566972,8160868,3813926,6185541,2234384,7180619,10468960,4874568,11981119,12046746,13677719,10718325,6048064,8152920,3680552,12093785,9208928,5785135,6578774,12101261
crested bobwhite ,8289656,4342332,10990506,7709337,12832461,8947332,4407354,11580846,6330271,14674670,16053492,7826515,10720381,12892844,3813654,16053235,9466969,11902082,13943215,5193001
spot bellied bobwhite,6062923,9022569,4736834,9342340,11249571,12433319,9341561,5196087,7564894,4077605,6197321,8435542,10460050,5525578,7959915,16053492,7826515,10720381,12892844,3813654
white faced bobwhite,6321749,2965032,11774618,8945778,6920805,9813869,7506512,5328444,9803918,5861433,3093804,6777176,11116187,12827324,9595995,12093785,9208928,5785135,6578774,12101261
crested quail,16053235,9466969,11902082,13943215,5193001,16053492,7826515,10720381,12892844,3813654,15987439,10124639,8477511,11971980,14340536,16579835,6840661,13881805,11510411,1973787
white breasted bobwhite,4081983,7698031,12170157,14606041,6988115,7631940,10261349,5132329,3488536,15064012,8294221,10860160,5656915,13686975,1906742,12093785,9208928,5785135,6578774,12101261
marbled quail,5195333,8353389,14013383,11051400,16119026,12363673,14935266,8086615,9796718,5521720,14605779,8749937,3156509,6315337,11381921,11704971,13683396,7560271,14738917,10321258
marbled wood quail,5195333,8353389,14013383,11051400,16119026,10792378,16185078,9273975,5655616,13881293,16448250,7300694,3748650,10128502,14013130,16382456,9602166,13092544,6379083,10641732
black eared wood quail,2827811,6248774,11580325,8357752,15658731,2173209,8616037,3688752,11050384,13606205,9400097,4800527,12623167,12678937,14402172,16382456,9602166,13092544,6379083,10641732
paramba quail,9091691,6722636,6972232,8747363,3815975,2632746,12036235,8935500,13972025,15195338,9683500,10524817,8936238,12408355,12564832,788233,5385774,9866121,6971229,12760496
rufous fronted wood quail,2827811,6248774,11580325,8357752,15658731,16382456,9602166,13092544,6379083,10641732,9077352,11511955,6642500,4866350,2958879,15260355,5520940,13088670,10455408,9322529
rufous breasted wood quail,6904095,4537614,10254662,12621663,8024854,2827811,6248774,11580325,8357752,15658731,9077352,11511955,6642500,4866350,2958879,16382456,9602166,13092544,6379083,10641732
rufous fronted quail,5328459,9144963,7565933,3354154,11974092,7763791,2698013,5525560,10261894,11839907,9077352,11511955,6642500,4866350,2958879,16382456,9602166,13092544,6379083,10641732
rufous fronted woodquail,11644808,7827289,3418654,12968093,7812642,4408126,6591337,13684679,16250071,9750995,4470562,7035968,10851710,12432286,6959903,9998730,3616814,7760997,12434361,5459273
black breasted wood quail,12759201,11048319,8810582,14075833,8884320,16448250,7300694,3748650,10128502,14013130,16382456,9602166,13092544,6379083,10641732,4999198,8553295,14607060,11645882,12834125
black crowned wood quail,5724251,10458762,15592682,3943194,13553356,16579835,6840661,13881805,11510411,1973787,16382456,9602166,13092544,6379083,10641732,4999198,8553295,14607060,11645882,12834125
tacarcuna wood quail,8022081,2894105,11905909,12045198,8227388,4474196,8223099,12106413,9999503,14344405,16448250,4863010,12631734,9012341,14705964,7369059,10856089,3158058,13685195,723726
black breasted woodquail,3685921,6318420,2436118,4677641,8421749,8814973,5131346,12172205,14476237,3158587,5725011,2565923,9147535,855309,12701128,6913105,4342322,10993313,4417071,9801854
white throated wood quail,2173209,8616037,3688752,11050384,13606205,12093785,9208928,5785135,6578774,12101261,7037781,10460032,2697244,4933175,12699300,16382456,9602166,13092544,6379083,10641732
white throated woodquail,7036773,1972509,11181469,5129033,14604243,9603442,6523977,5984579,12961195,2250012,6248009,14603723,3944744,9472635,11512478,11644808,7827289,3418654,12968093,7812642
spotted wood quail,9862230,13152396,5259575,14931650,8019003,7101257,4141099,10127994,12232341,5864508,2040350,5661239,12631193,8881768,15722681,8612426,5061935,12625285,10585701,14666419
long toed partridge,15987441,11447200,14999250,13487045,9538932,7894642,11514297,15460839,3354668,8930634,7174019,4672340,9871791,2828852,12372697,8157818,3945002,14934491,10527917,5525843
long toed quail,14868957,11447976,7300957,4802883,3222055,16448250,7039851,13092807,10526880,2829355,10989476,6969933,16119282,14335884,4012087,7089712,14540767,11646391,2957083,9993088
singing quail,12093785,9208928,5785135,6578774,12101261,15000547,7166291,3092277,12893875,10128774,15856111,7890495,10588006,12300696,3747354,15987699,7168865,10920864,13750478,2828589
harlequin quail,16118767,7892316,16307798,12237495,2571080,16579578,8547413,12033669,5653812,14340036,13742207,6180675,9863267,2234135,12434103,15987698,6245434,3088404,10127479,13155752
massena partridge,15987441,8938826,11570543,13153957,4600104,11842740,7105647,9342606,13684944,3552841
mearnuuus quail,14400648,6508864,4008737,8090219,10121788,9272432,5588796,14670807,11642525,1183501,9538696,12565431,5195324,2696220,6974316,16645629,6774613,13947342,10525073,656900
mearn's partridge,13211758,9991511,5785659,3682862,14727054,5849142,7891302,11707550,3745309,14668224,11508877,8221033,2106143,6051665,13286310,8548707,13349795,3747883,15785688,10981753
mearn's quail,14400648,6508864,4008737,8090219,10121788,9272432,5588796,14670807,11642525,1183501,9538696,12565431,5195324,2696220,6974316,16645629,6774613,13947342,10525073,656900
mearns' quail,14400648,6508864,4008737,8090219,10121788,9272432,5588796,14670807,11642525,1183501,9538696,12565431,5195324,2696220,6974316,16645629,6774613,13947342,10525073,656900
mearns's quail,14400648,6508864,4008737,8090219,10121788,9272432,5588796,14670807,11642525,1183501,9538696,12565431,5195324,2696220,6974316,16645629,6774613,13947342,10525073,656900
montezuma quail,12960445,6639684,11972261,4140066,9997185,13742207,6180675,9863267,2234135,12434103,15395564,8089967,10327959,12368316,3878701,9413728,12892066,6315874,8487555,2826526
montezuma's quail,12960445,6639684,11972261,4140066,9997185,13742207,6180675,9863267,2234135,12434103,9413728,12892066,6315874,8487555,2826526,14400903,6508608,4008482,8156268,10055482
ocellated quail,8879192,6511160,12235941,3547410,5061669,8226920,5658701,10664348,8955198,3749941,12489582,9857864,6110243,13609607,3021067,9928785,14072712,4796192,7166786,10923324
banded woodquail,5984830,9667951,6327106,3945002,2643480,7893303,10854994,4801313,9920518,13161369,16579579,10182465,5785142,12891562,14585419,16382456,9602166,13092544,6379083,10641732
banded wood quail,10390124,6117433,16053492,4536370,13619151,8947583,5393998,3354153,14012107,14792602,16448250,7300694,3748650,10128502,14013130,16382456,9602166,13092544,6379083,10641732
tawny faced quail,9802643,4011054,6313292,15128238,1774607,16448250,7300694,3748650,10128502,14013130,5328459,9144963,7565933,3354154,11974092,16382456,9602166,13092544,6379083,10641732
red throated diver,7240328,4084064,14670548,5060656,12499123,5463415,3815227,12236197,8748915,14670797,9082524,5326394,14073505,8013351,11442818,8490404,5458506,14144720,3024684,11841194
red throated diver or loon,8094004,5391892,9410181,12303536,9670425,9082524,5326394,14073505,8013351,11442818,5920592,11712183,9277327,14803941,3026482,11452367,10059355,6585760,3223602,526088
red throated loon,5920592,11777719,9277327,14803940,3158068,9082524,5326394,14073505,8013351,11442818,8490404,5458506,14144720,3024684,11841194,11452367,10059355,6585760,3223602,526088
arctic diver,16251127,5396888,9344184,3355959,1384370,3287329,8100245,4481629,11847365,1773321,3551788,7563620,11973033,1251613,13816525,1163480,820643,595484,679288,7935258
arctic loon,5723217,2894894,11184282,8814442,15198689,6121269,2632489,9737363,13092288,5066574,4344598,7039320,10920339,9078134,13946820,4475446,6318148,9674151,13818854,7569025
black throated diver,9082524,5326394,14073505,8013351,11442818,7240328,4084064,14670548,4994607,10459283,6708774,10328459,3748372,8222808,8024866,5463415,3815227,12236197,8748915,14670797
black throated loon,6708774,10328459,3748372,8222808,8024866,5987641,6717569,2237215,14078913,11380884,7436671,10067881,5395276,1775895,5596532,8490404,5458506,14144720,3024684,11841194
green throated loo,9148765,12635022,5267253,14373170,3029792,7116852,12829880,4411700,10464633,15592440,6187080,9084002,3947563,12500413,2039571,10199363,5200194,10790808,15131869,3224622
pacific diver,8883101,5065300,14472390,3156009,7625287,8750995,5064782,14735560,3091248,9795938,7108503,10200511,4341579,15524822,11375742,10270926,6982575,3487287,8684414,14012873
pacific loon,7829352,10856364,4211280,14474716,2434606,10203849,7243426,3816254,10065038,4676727,5920592,11712183,9277327,14803941,3026482,8490404,5458506,14144720,3024684,11841194
american common loon,13224911,5197389,9473415,1513498,16250871,8688538,4997687,9008736,13022880,3024671,5732756,4152427,2960941,7959663,11381158,6121269,2632489,9737363,13092288,5066574
black billed diver,13224911,5197389,9473415,1513498,16250871,7240328,4084064,14670548,4994607,10459283,5866395,3162954,14079690,1449505,11185058,13883354,10792374,5919827,8288889,3617072
black billed loon,10335184,4607573,6188414,7637155,2171939,13224911,5197389,9473415,1513498,16250871,5987641,6717569,2237215,14078913,11380884,7172475,4405811,11771790,9930100,2432023
common loon,6121269,2632489,9737363,13092288,5066574,15921906,657930,12434876,8027002,5197647,15790320,2565927,5263440,8421504,10921638,15987699,4210495,12171705,8882055,10290958
great northern diver,5732756,4152427,2960941,7959663,11381158,15790063,4737096,7631988,1250067,11184810,8624050,6843245,2632748,4278346,1316375,15921906,4802889,13553358,10526880,1184274
great northern loon,13224911,5197389,9473415,1513498,16250871,16119285,5723477,3749430,9211278,11712442,5732756,4152427,2960941,7959663,11381158,6121269,2632489,9737363,13092288,5066574
lesser black billed loon,13224911,5197389,9473415,1513498,16250871,8621733,5919046,9598019,2696483,14336157,10335184,4607573,6188414,7637155,2171939,11122369,4078912,7303799,8885666,855570
lesser loon,13224911,5197389,9473415,1513498,16250871,11974069,2959911,8091251,15723750,7610134,11122369,4078912,7303799,8885666,855570,11974280,14342088,5328979,9211262,2565672
northern loon,6848151,5793649,10392208,3683897,14472918,7173250,5525586,11377549,15259847,3682865,6121269,2632489,9737363,13092288,5066574,5987641,6717569,2237215,14078913,11380884
polar loon,15921906,4935242,2500130,8554375,12041150,3817528,8551044,2567210,7038057,10854830,6320209,3422003,9871508,5002313,11845054,15527147,13815753,3750200,9408396,6118747
white billed diver,4013355,9211530,10989240,659220,5799827,5732756,4152427,2960941,7959663,11381158,8087629,10193792,4077883,2103834,14011077,12175590,6712955,9673900,3821659,12894400
yellow billed loon,7972557,3817787,7565127,15001826,5272457,10198175,13093590,4671049,7500147,2565673,9087704,8947290,4541256,11520750,397600,7172475,4405811,11771790,9930100,2432023
yellow billed diver,10198175,13093590,4671049,7500147,2565673,5866395,3162954,14079690,1449505,11185058,13883354,10792374,5919827,8288889,3617072,6059654,8296101,3886939,4866620,8943979
australian yellow webbed storm petrel,13487567,3748143,10921381,8091767,5722448,8030622,6056835,3753824,4938612,2700621,13554652,6643041,10725813,8420742,4669250,12632516,10593449,5656909,8355711,3682859
flat clawed storm petrel,9675178,6978951,2631455,4939623,4474692,10203596,8624822,4870494,6450558,2895929,7041151,5658984,3420726,2762795,4079173,11775916,4340534,14605528,7367528,1709590
wilson's petrel,13487567,3748143,10921381,8091767,5722448,9344940,3289133,5526356,7502732,15000545,13554652,6643041,10725813,8420742,4669250,10008795,7051467,3618884,6318462,12630970
wilson's storm petrel,9344940,3289133,5526356,7502732,15000545,7835552,3617067,9988681,14539995,2246752,13554652,6643041,10725813,8420742,4669250,10008795,7051467,3618884,6318462,12630970
wilson's stormpetrel,9344940,3289133,5526356,7502732,15000545,7835552,3617067,9988681,14539995,2246752,13554652,6643041,10725813,8420742,4669250,8302812,6839128,10916485,15262945,2171431
yellow webbed storm petrel,8302812,6839128,10916485,15262945,2171431,13487567,3748143,10921381,8091767,5722448,13554652,6643041,10725813,8420742,4669250,9349835,5929635,4209724,8221296,15000807
elliot's storm petrel,7571117,10004420,5202565,7956835,3682610,7043731,3948877,5858166,1579553,2895671,9675178,6978951,2631455,4939623,4474692,4090524,6721468,3618101,9076855,6511446
graceful storm petrel,12504022,6575690,9870756,4208688,8746344,10592935,5788756,4407361,7302252,3223603,13554652,6643041,10725813,8420742,4669250,12108748,6049864,10200750,8686225,4207660
white vented storm petrel,11251118,9277327,4668469,6774361,2037522,1661843,8495301,6840669,1192007,13485499,1395565,5334133,4799282,11907494,5865102,5278909,4143926,13024178,10389881,15132646
white vented petrel,1661843,8495301,6840669,1192007,13485499,1395565,5334133,4799282,11907494,5865102,5278909,4143926,13024178,10389881,15132646,9016481,6193053,6049872,3551797,1909285
frigate petrel,4479855,2110781,10264986,7239801,12172725,13615267,11116681,7500901,8750451,5725523,11779010,4737363,9869210,15263459,2434348,10405072,14018542,3096631,7374210,11580330
white breasted storm petrel,9807546,5727610,9207667,5327429,13090483,3624814,6718112,2762796,5786955,14407637,7970737,5065033,14867679,9404286,4556192,9675178,6978951,2631455,4939623,4474692
white faced petrel,12896202,10132899,4078916,6644065,1053737,9745873,6066108,5328974,3501470,8152914,10793149,8820135,6648964,3159097,9944951,12040635,5327945,7170664,9145230,2038037
whitefaced storm petrel,12040635,5327945,7170664,9145230,2038037,12896202,10132899,4078916,6644065,1053737,10793149,8820135,6648964,3159097,9944951,6457012,9284562,4544371,9600379,13681854
white faced storm petrel,12040635,5327945,7170664,9145230,2038037,12896202,10132899,4078916,6644065,1053737,10793149,8820135,6648964,3159097,9944951,6457012,9284562,4544371,9600379,13681854
british storm petrel,12232081,13751770,5919828,8419186,3945779,7569291,3882562,10398390,5989228,13226973,11842223,4670275,3157035,9276041,6381408,13554652,6643041,10725813,8420742,4669250
british stormpetrel,11842223,4670275,3157035,9276041,6381408,7569291,3882562,10398390,5989228,13226973,12232081,13751770,5919828,8419186,3945779,12041154,9801614,4144959,6513507,1974049
european storm petrel,7436162,5397609,1842969,14868703,11842479,13554652,6643041,10725813,8420742,4669250,7569291,3882562,10398390,5989228,13226973,9675178,6978951,2631455,4939623,4474692
storm petrel,12232081,13751770,5919828,8419186,3945779,9344940,3289133,5526356,7502732,15000545,12504022,6575434,9871014,4340017,9009515,13554652,6643041,10725813,8420742,4669250
least petrel,3110555,8955591,4471863,11255766,5792106,13816007,8093299,9804946,6839890,5129275,16119795,8556164,13555405,10728105,4932924,6917042,10731998,5064001,6644322,3353124
galapagos petrel,356546,1259613,8629186,12896458,5071735,1385272,3103126,10657951,3293785,6381409,2979547,7577563,1584206,7426129,12236211,9872057,1324368,14014165,10255974,11625277
galapagos storm petrel,5929110,4020598,2633264,14405816,9148320,11383222,7633282,2248288,5261899,9606040,9743539,4482938,7770781,3885389,1579548,7506579,11253951,2970202,669247,10585977
wedge rumped petrel,7049130,5337214,3946040,13752803,1709337,8165030,3157805,6314582,15921907,10193021,8947850,3485487,7039851,4867653,11315631,6128292,4875881,2695201,14999270,10978687
wedge rumped storm petrel,7049130,5337214,3946040,13752803,1709337,8165030,3157805,6314582,15921907,10193021,8947850,3485487,7039851,4867653,11315631,6128292,4875881,2695201,14999270,10978687
band rumped storm petrel,8889799,3110555,4932930,6973288,11387094,12896980,10002091,5788503,7501443,4011575,591879,10591125,7301733,15262425,2762532,2790833,13028043,7823704,2107176,16579579
madeiran petrel,11120831,3887210,7700885,9530190,5979691,7967143,10202300,4808823,2832197,5197651,8297930,4153754,6313296,9734267,12298132,12040635,5327945,7170664,9145230,2038037
swinhoe's petrel,9281462,7176853,2894131,5729400,3815745,8884126,7042181,4275262,2564641,8351333,7506347,9281982,4011318,7102814,10991824,9941957,7046802,7501691,5460821,3554882
swinhoe's storm petrel,10991315,8624310,5135469,6256275,3550763,9941957,7046802,7501691,5460821,3554882,10267584,5262157,8490912,4209211,7106165,7506347,9281982,4011318,7102814,10991824
beal's petrel,13753056,8617864,10857912,5262933,10131104,8884126,7042181,4275262,2564641,8351333,7041151,5658984,3420726,2762795,4079173,9149105,7635606,5263702,6252921,4013119
chapman petrel,11646402,4997957,10001580,3353388,7301746,6257051,14733225,8220258,12364171,16578001,10592935,5788756,4407361,7302252,3223603,10330539,7961991,2894639,6317423,4408653
dusky rumped petrel,8884126,7042181,4275262,2564641,8351333,4087706,3555664,8881785,13356738,15331049,9354215,6395600,2108998,5138570,10197914,8957384,5396048,8290936,2566441,5406127
fork tailed storm petrel,12961221,10723485,6315095,8289144,3880496,12504022,6575690,9870756,4208688,8746344,7244463,5533587,3163488,7234659,10983570,9278626,12567503,5591635,7371141,4011828
kaeding's petrel,9680337,5934778,5592403,3238040,8886178,8556975,6518170,4412020,4405303,7299934,6842989,2829876,10329243,65793,12631741,9149105,7635606,5263702,6252921,4013119
leach's fork tailed storm petrel,12961221,10723485,6315095,8289144,3880496,12504022,6575690,9870756,4208688,8746344,7244463,5533587,3163488,7234659,10983570,9278626,12567503,5591635,7371141,4011828
leach's petrel,12232081,13751770,5919828,8419186,3945779,9936551,4930870,7957092,15130067,11178113,11842740,3881274,2631465,5328462,8618625,7569291,3882562,10398390,5989228,13226973
leach's storm petrel,12232081,13751770,5919828,8419186,3945779,9936551,4930870,7957092,15130067,11178113,12504022,6575434,9871014,4340017,9009515,7569291,3882562,10398390,5989228,13226973
leach's stormpetrel,14409446,5855325,11317178,7894910,3617848,12232081,13751770,5919828,8419186,3945779,9936551,4930870,7957092,15130067,11178113,7569291,3882562,10398390,5989228,13226973
socorro petrel,9344940,3289133,5526356,7502732,15000545,9680337,5934778,5592403,3238040,8886178,8297930,4153754,6313296,9734267,12298132,6257051,14733225,8220258,12364171,16578001
markham's storm petrel,15461360,5654340,8153956,9997449,12433337,11778498,6574406,8219745,4404267,10719363,14342627,6376514,10193280,3219996,12367287,16119802,7496542,10259590,12366252,3090472
sooty petrel,7320774,13229025,5133660,9557996,9608094,7055805,12114918,2631978,6453635,8952223,9145488,7238005,4473924,1841687,11709866,11581897,4473934,10002865,8291990,6119532
sooty storm petrel,3624814,6718112,2762796,5786955,14407637,7041151,5658984,3420726,2762795,4079173,12896980,10002091,5788503,7501443,4011575,9155014,5735840,2052202,8025976,16052720
steineger's storm petrel,10592935,5788756,4407361,7302252,3223603,4810643,3230318,7046828,12370116,6582662,14346737,10923702,12306125,7172732,16251386,9344940,3289133,5526356,7502732,15000545
stejneger's storm petrel,11447727,14539735,8356749,15661818,5002601,14346737,10923702,12306125,7172732,16251386,4810643,3230318,7046828,12370116,6582662,10592935,5788756,4407361,7302252,3223603
tristgram's storm petrel,10790313,8817037,3881016,7435386,5591635,9740458,8161943,5201516,6320770,3749950,13422291,11580088,7698555,9804190,5195846,12766424,10464444,5656141,8155501,2499109
tristram's petrel,12766424,10464444,5656141,8155501,2499109,11055547,8686999,3617074,7042431,10127481,12632769,10198171,4276543,6316126,2171423,8881540,3223600,10197915,6906720,1710361
tristram's storm petrel,10790313,8817037,3881016,7435386,5591635,9740458,8161943,5201516,6320770,3749950,13422291,11580088,7698555,9804190,5195846,12766424,10464444,5656141,8155501,2499109
tristram's storm petrel ,10790313,8817037,3881016,7435386,5591635,9740458,8161943,5201516,6320770,3749950,13422291,11580088,7698555,9804190,5195846,12766424,10464444,5656141,8155501,2499109
black fork tailed petrel,12961221,10723485,6315095,8289144,3880496,10528427,8685964,5722957,4275514,2894633,7244463,5533587,3163488,7234659,10983570,9278626,12567503,5591635,7371141,4011828
black petrel,9745873,6066108,5328974,3501470,8152914,6257051,14733225,8220258,12364171,16578001,12040897,5589573,7101783,9014677,1776151,11843773,5855318,10133153,4537915,8289659
black storm petrel,12040381,9935521,3486771,7106936,15329768,7244463,5533587,3163488,7234659,10983570,9278626,12567503,5591635,7371141,4011828,6917042,10731998,5064001,6644322,3353124
townsend petrel,9474710,8290437,5394513,6908782,4472896,7643886,5209041,2577300,2238515,5590348,11250865,10001054,5395028,7567227,3947066,13620188,11778502,5197141,9147042,3157555
gaudalupe storm petrel,16514043,3027502,463117,8223865,12238010,14342612,3355190,12631733,6445916,10065295,9804165,2632228,10988437,4343099,6514264,14802128,10591113,3879974,8615520,1446924
guadaloupe petrel,15922415,4867636,1973005,11975070,9276020,3821437,10070203,7110301,2303274,14869212,14342612,3355190,12631733,6445916,10065295,16514043,3883849,7566453,13750994,10263965
guadalupe storm petrel,16514043,3027502,463117,8223865,12238010,14342612,3355190,12631733,6445916,10065295,9804165,2632228,10988437,4343099,6514264,14802128,10591113,3879974,8615520,1446924
guadelupe storm petrel,13351593,3287333,7299159,10194047,15592165,9804165,2632228,10988437,4343099,6514264,14342612,3355190,12631733,6445916,10065295,14802128,10591113,3879974,8615520,1446924
ashy petrel,6394304,10798050,5590601,7828854,3353125,6917042,10731998,5064001,6644322,3353124,5341618,10337240,4999496,7052234,6906461,8893403,4801858,7183299,6909555,3353638
ashy storm petrel,6394304,10798050,5590601,7828854,3353125,6917042,10731998,5064001,6644322,3353124,5341618,10337240,4999496,7052234,6906461,9278626,12567503,5591635,7371141,4011828
hornby's storm petrel,9675178,6978951,2631455,4939623,4474692,6914464,3688546,14341579,6773590,10525333,12370644,9607334,4277581,6909561,1776930,8685453,7501180,3749428,5856093,2565410
ringed storm petrel,9742525,4872811,6191252,3156515,5919562,6914464,3688546,14341579,6773590,10525333,12504022,6575434,9871014,4340017,9009515,11777466,10001569,5985880,8488071,7169896
ringed petrel,9741740,8491930,5662832,3357763,2632496,9672610,6318193,4739932,4735039,13287097,13422548,9935777,6050384,8423307,7694693,13684948,4869197,2040610,9409172,6975345
fork tailed petrel,12504022,6575690,9870756,4208688,8746344,7244463,5533587,3163488,7234659,10983570,12961221,10723485,6315095,8289144,3880496,9278626,12567503,5591635,7371141,4011828
grey storm petrel,3624814,6718112,2762796,5786955,14407637,9936551,4930870,7957092,15130067,11178113,11842223,4670275,3157035,9276041,6381408,9675178,6978951,2631455,4939623,4474692
american dabchick,7563332,14473941,16382457,12039080,3485224,9409167,5130043,15132388,7697516,13223877,9607837,13620956,5392703,11175520,2827811,8288087,10393453,3287858,5195849,8603191
least dabchick,7431243,6181183,10851722,8353128,12430497,9013125,6774615,3485738,14402220,15391433,5529675,8885639,12305089,13412485,3749938,6185324,3157546,12827306,9734515,15986665
least grebe,10329764,5064770,8552578,2696736,14209996,12236725,8348235,13673601,5258550,8142111,7169588,3287585,11445151,13747135,7242137,7896418,4670529,11053737,1645083,13487823
mexican grebe,8819615,6844790,3748138,15129554,12627867,7304053,9737361,3683377,15324357,9789763,10395034,16185075,5198167,2170918,12375920,8229028,14471366,4867911,2302756,12875813
santo domingo grebe,8160856,10530488,4013112,6315867,9477260,11050636,6313805,8419438,4142639,7366491,9868400,12959911,7234898,11316111,8881743,8882004,4541233,11779986,2435104,10133147
short billed grebe,13227225,6116944,9538437,11646648,2301728,7176086,4667706,2760483,8481628,3094611,8351064,5260604,11707539,3156003,14406086,8816984,4802888,10789279,2632498,12500931
st. domingo grebe,9927770,3553062,8173801,6982547,7098941,8945783,5214936,3946543,12631218,4680846,7095332,3283727,9931130,13229284,7441589,3355155,6907702,11709827,8950060,1577738
pied billed dabchi,15001317,8619156,14913145,3228053,9623531,13353915,10126460,4276811,12081241,4491440,13288373,16119027,9203302,14045767,11056942,15921647,11448744,6118751,7654309,9146001
pied billed grebe,13227225,6116944,9538437,11646648,2301728,7176086,4667706,2760483,8481628,3094611,8816984,4802888,10789279,2632498,12500931,11243099,8152648,3879985,13288384,15526635
atitlan grebe,15723753,11376512,4668979,14133882,2301206,8488806,10855309,5853774,3617584,13091522,8035271,5984082,4615848,11835532,10048569,14936557,10992067,4672583,9082257,1710618
atitluun grebe,15723753,11376512,4668979,14133882,2301206,8488806,10855309,5853774,3617584,13091522,8035271,5984082,4615848,11835532,10048569,14936557,10992067,4672583,9082257,1710618
giant grebe,3751225,6381916,10528166,789514,8160134,4015954,3092004,6318967,13287604,9406334,13618120,4998202,7892579,10064519,1906707,7304053,9737361,3683377,15324357,9789763
giant pied billed,5594182,9473662,2370081,14739691,11187127,3289642,5132869,9931367,7235659,12891270,8488806,10855309,5853774,3617584,13091522,8816984,4802888,10789279,2632498,12500931
giant pied billed grebe,13227225,6116944,9538437,11646648,2301728,8090726,4407898,14274005,12037300,2236982,8816984,4802888,10789279,2632498,12500931,8351064,5260604,11707539,3156003,14406086
grey cheeked grebe,10329764,5064770,8552578,2696736,14209996,13158600,6574922,9798516,8076065,3616556,6323350,3492701,11446950,6709341,1974821,7173470,4536890,12238762,11237992,15652784
hoelboell's grebe,13750738,6049349,10196367,2495244,7760995,10005184,7308959,4934221,10392460,13221041,5336222,4806005,6573130,9994106,10575425,8356986,12372689,3750203,14401184,1708564
holboell's grebe,7831623,5849918,8666407,13482167,10774867,13750738,6049349,10196367,2495244,7760995,5336222,4806005,6573130,9994106,10575425,8618367,5590076,11904915,15259070,3551270
holboll's grebe,13750738,6049349,10196367,2495244,7760995,10005184,7308959,4934221,10392460,13221041,5336222,4806005,6573130,9994106,10575425,8356986,12372689,3750203,14401184,1708564
red necked grebe,10329764,5064770,8552578,2696736,14209996,13158600,6575179,9930617,8010017,3550763,10928075,6114883,7964044,11957573,2565156,9412279,5723222,13881028,1249552,13411682
hell diver,2565415,4941417,9941682,8331297,14015960,2699055,10595244,9444379,5531753,14279136,1249809,5127227,7703950,8330775,11452865,2236705,7573905,8661801,15065294,11834229
horned grebe,12236725,8348235,13673601,5258550,8142111,13224136,6640715,9798772,8075809,3551020,10329764,5064770,8552578,2696736,14209996,9539987,5260101,14331267,1124149,10249279
slavonian grebe,13092811,6445910,10460315,3616557,15131882,13486794,6379343,10195852,2958113,8681840,5393995,10128779,2303270,12225906,9938874,9935003,6380888,13948114,2828066,12105396
slavonian or horned grebe,9019316,6387855,4209981,10850940,13358043,10329764,5064770,8552578,2696736,14209996,13158600,6575179,9930617,8010017,3550763,8225414,6775389,5389872,13548969,9609128
slovanian podiceps,4605227,7695195,13350828,15589591,14455916,7105589,11249816,13093068,3221029,5653568,8290172,9869208,4932927,14211294,2958370,7304053,9737361,3683377,15324357,9789763
american eared grebe,10329764,5064770,8486785,2631199,14209739,13158600,6575179,9930617,8010017,3550763,6707788,8686748,3287593,10712413,1052433,6323350,3492701,11446950,6709341,1974821
back necked grebe,8887738,6716830,4012864,8019535,5268609,10331052,5854308,11235421,3554381,13607312,9220570,6718900,4077881,7950142,1315860,11708552,9275488,4930610,9652780,13817043
black grebe,10331052,5854308,11235421,3554381,13607312,10395034,16185075,5198167,2170918,12375920,16053492,10724259,2500134,7171437,263172,16053492,10328217,5061427,7429717,2496529
blacknecked grebe,8887738,6716830,4012864,8019535,5268609,10331052,5854308,11235421,3554381,13607312,9220570,6718900,4077881,7950142,1315860,11708552,9275488,4930610,9652780,13817043
black necked grebe,8887738,6716830,4012864,8019535,5268609,10331052,5854308,11235421,3554381,13607312,9220570,6718900,4077881,7950142,1315860,11708552,9275488,4930610,9652780,13817043
black necked or eared grebe,10329764,5064770,8552578,2696736,14209996,13158600,6574922,9798516,8076065,3616556,10331052,5854308,11235421,3554381,13607312,7443123,4472131,11832421,8893919,1512215
black necked podic,16645629,2499879,6316129,13553358,9671572,16579835,10461319,12698019,14737629,6185578,16514043,13290186,7763574,11382189,5592405,16448250,2433828,13355462,9998984,6774869
black necked podiceps,8887738,6716830,4012864,8019535,5268609,14015208,6641227,4144182,9671060,10646609,10331052,5854308,11235421,3554381,13607312,9220570,6718900,4077881,7950142,1315860
eared grebe,7239007,4536890,12501933,11041386,1644829,10329764,5064770,8486785,2631199,14209739,13158600,6575179,9930617,8010017,3550763,6323350,3492701,11446950,6709341,1974821
swan grebe,16053492,10328217,5061427,7429717,2496529,15132391,6709342,11447471,8881026,2959144,9410702,7236174,3550756,8356462,6050627,13224136,6640715,9798772,8075809,3551020
swan necked grebe,13224136,6640715,9798772,8075809,3551020,7500910,11116674,4276541,14473680,6707771,10135741,9535057,3618634,7173775,13795921,10928075,6114883,7964044,11957573,2565156
western grebe,9346474,3879987,7172473,15854303,12826785,13158600,6575179,9930617,8010017,3550763,8819615,6779254,3484967,11773075,15590362,15987699,5131854,11119017,7500402,1250067
clark's grebe,9412279,5657687,13946822,1249553,13215086,7304053,9737361,3683377,15324357,9789763,8229029,14471622,4802375,1579032,12090684,9412010,3879986,7106680,15788508,12957854
red billed tropic bird,1918287,12238020,14868968,7438218,9326148,1654616,11975881,8292503,4812687,10696502,6910337,13682885,10064526,15853022,6246472,2640752,11055028,13159630,6780290,2961722
redbilled tropicbird,1918287,12238020,14868968,7438218,9326148,1654616,11975881,8292503,4812687,10696502,5807829,13817816,5134170,8619394,11383984,6910337,13682885,10064526,15853022,6246472
red billed tropicbird,1918287,12238020,14868968,7438218,9326148,1654616,11975881,8292503,4812687,10696502,5807829,13817816,5134170,8619394,11383984,6910337,13682885,10064526,15853022,6246472
short tailed tropicbird,987409,2830627,9210003,13881305,5460311,3685440,8157296,13092809,10854293,15396079,6910337,13682885,10064526,15853022,6246472,93903,10403802,5139600,5086168,13559539
amokura,11113852,5460818,16242453,9390635,2824470,12572123,2454967,12363582,3681064,1623017,9926226,13940409,3551032,15507583,13463619,9211789,3618612,13553358,16053492,8806213
red tailed tropcibird,6844022,4143672,10926284,8228000,2301211,93903,10403802,5139600,5086168,13559539,6910337,13682885,10064526,15853022,6246472,4283521,10664661,7179186,15526887,11227477
red tailed tropic bird,6844022,4143672,10926284,8228000,2301211,93903,10403802,5139600,5086168,13559539,6910337,13682885,10064526,15853022,6246472,4283521,10664661,7179186,15526887,11227477
redtailed tropicbird,7311551,3947597,6187135,8619149,11448503,7708357,4999239,14604993,11179624,11060181,4283521,10664661,7179186,15526887,11227477,6910337,13682885,10064526,15853022,6246472
red tailed tropicbird,6844022,4143672,10926284,8228000,2301211,93903,10403802,5139600,5086168,13559539,6910337,13682885,10064526,15853022,6246472,4283521,10664661,7179186,15526887,11227477
silver bosunbird,9212824,13618889,11365975,2566184,11645616,5600415,10204362,13355458,9802632,4539194,4735531,9011549,12371914,10462110,9346857,7169376,3485998,11509910,13746868,1578773
srawtail,288164,1054233,6006177,4413757,10867144,4150413,3293035,5205682,6185092,8292781,1993188,1456015,5025774,4419496,9624049,6651275,7183029,3359834,5465975,8238547
golden bosunbird,7243957,15126943,7230783,12028223,2234396,5795741,11510684,8159120,14730406,3485247,4026821,12561540,7112364,14211799,7169881,12834546,11047247,14729355,5722199,10205669
long tailed tropicbird,4283521,10664661,7179186,15526887,11227477,10728392,5132115,3618361,8094092,2170659,2377322,13025466,6516863,10592158,16249838,6910337,13682885,10064526,15853022,6246472
white tailed tropicbird,2377322,13025466,6516863,10592158,16249838,6395562,13028304,6712168,9408143,16053493,6910337,13682885,10064526,15853022,6246472,93903,10403802,5139600,5086168,13559539
yellow billed tropic bird,7169049,15329769,8947834,12895428,10921118,5472420,15790320,12961479,8028041,4346467,1316612,6051605,15395561,12895165,10132631,1654616,11975881,8292503,4812687,10696502
yellow billed tropicbird,12114668,8554632,16053491,2697514,12621610,2377322,13025466,6516863,10592158,16249838,12046814,3169413,7775428,3027251,13475357,1654616,11975881,8292503,4812687,10696502
buff necked ibis,7237490,10262936,4409421,14604751,10184289,6446381,9140300,12426863,3221017,14271392,7768940,5333057,11645880,3292459,7367286,8424301,4469550,13222570,2102549,9064781
buffnecked ibis,7237490,10262936,4409421,14604751,10184289,6446381,9140300,12426863,3221017,14271392,7768940,5333057,11645880,3292459,7367286,8424301,4469550,13222570,2102549,9064781
white throated ibis,16053234,5851445,13878714,11111810,11026495,14201746,5194807,9599839,1907222,14602689,15067101,5196607,12107181,2565406,9934990,10138581,4340278,7436161,12301741,15395045
cayenne ibis,364002,2110791,5152990,2582935,5070449,14474710,7953731,9539188,14437971,9648699,10209003,6319431,9380127,3154711,13660254,12761766,6906183,11748903,15395820,14845539
green ibis,16053749,12242646,11762810,12142914,3948917,10267244,8223066,3943215,5460052,7486781,13621672,13216074,7448495,5730925,16382450,15987698,9140838,12231828,5786434,7512123
american white ibis,15987698,6775130,3681839,9012604,11447201,15987699,9604487,13224652,7826013,4468524,15988213,12176080,11170160,12403516,4475000,5656131,7636115,14800587,12563627,11749708
white ibis,15987698,6775130,3681839,9012604,11447201,16053749,12242646,11762810,12142914,3948917,16645629,13813186,11820620,4665131,9007983,15921906,5132109,13093576,9803669,328965
scarlet ibis,15987699,3421236,328965,9474192,12698049,16579579,11027256,13546673,12027779,11098963,15987442,13253709,14192799,6116953,8223870,16513785,11936540,13593694,14790822,15413527
eastern glossy ibis,10267244,8223066,3943215,5460052,7486781,9932378,8155975,8948619,3813415,5523511,9148758,12765087,5125926,15197126,8338734,7900807,2763043,7505245,6253395,4732460
glossy ibis,15987699,3421236,328965,9474192,12698049,12035210,9666665,5323570,7232847,3219225,10267244,8223066,3943215,5460052,7486781,8617064,8362168,4996669,11642516,2827300
northern glossy ibis,10267244,8223066,3943215,5460052,7486781,12035210,9666665,5323570,7232847,3219225,9937325,5392447,7893097,2760729,14537924,7248073,5783613,4680333,10643552,10853537
white faced glossy ibis,8617064,8362168,4996669,11642516,2827300,12035210,9666665,5323570,7232847,3219225,7248073,5783613,4680333,10643552,10853537,7038039,11188943,9212303,4931393,2625549
whitefaced ibis,10923965,8818336,8413255,4533289,10254929,8629456,6574658,6914460,8809295,3482656,9937325,5392447,7893097,2760729,14537924,7248073,5783613,4680333,10643552,10853537
white faced ibis,10923965,8818336,8413255,4533289,10254929,8629456,6574658,6914460,8809295,3482656,9937325,5392447,7893097,2760729,14537924,7248073,5783613,4680333,10643552,10853537
roseate spoonbill,16645372,14529971,11424336,4863538,8023145,3358246,8092798,13551051,12464168,12415848,9822203,9851731,5186334,14010836,7833235,12433849,7882824,13730186,12987711,15981530
american white pelican,16119028,13547421,4208946,13275747,6906198,6778491,15588801,3090211,15050572,11360804,16579835,14670027,14785346,11967097,15298594,15987699,12565684,5789010,10590863,14991765
rough billed pelican,3165798,11381667,3090466,7960693,12882256,2369039,10459535,5132085,7894114,13749450,3692418,8552836,13487050,12160604,5858426,4547206,13090223,8355716,13669456,9525823
white pelican,16119028,13547421,4208946,13275747,6906198,15856369,9934483,2302754,13224649,7565420,16579835,14670027,14785346,11967097,15298594,15987699,8289667,13355464,1381912,4342345
brown pelican,5196614,11312265,8812137,13746343,3616046,15855855,6707269,3945771,9994598,13946047,15987698,5720889,2169105,9931119,12498598,14803424,6051923,3421749,10722970,9076337
chilean brown pelican,7104883,4405822,12169136,8150096,11042143,7513282,11905433,8285021,6453644,5060909,5656891,8429749,7499112,2104086,13883607,12303034,3815477,8683133,14927228,13083229
chilean pelican,3486254,8090991,14211799,10697783,13334369,2768963,12498080,8616552,789513,12616775,924719,10727343,14278623,5927281,14267034,7898253,3749170,13618375,11774879,8990765
peruvian pelican,15527148,3289650,263172,12237498,6381921,15921905,6970442,4143149,12695207,10324854,15395815,3618611,591880,10719859,7453391,7898253,3749170,13618375,11774879,8990765
atlantic gannet,9676483,14015201,6645096,11970713,4079166,1582665,13289928,4406331,7303025,11705955,4484762,13816531,1382957,15649957,3226963,10202058,7304061,13686234,5063494,13278826
gannet,3487799,13422030,2039839,6974571,9607070,10202058,7304061,13686234,5063494,13278826,14147292,9145986,3422005,5791846,10396218,16053492,5134169,792859,13159629,10067612
north atlantic gannet,1582665,13289928,4406331,7303025,11705955,4484762,13816531,1382957,15649957,3226963,7832210,14733484,3291193,6448222,726044,4876162,2702933,13420207,8488838,15783308
northern gannet,12891024,11171901,7303787,2764854,14525009,4484762,13816531,1382957,15649957,3226963,7832210,14733484,3291193,6448222,726044,4876162,2702933,13420207,8488838,15783308
solan goose,15396587,10199702,4804166,7501417,12820544,2301204,13672247,11437617,9399853,6902310,16183259,2827542,14461224,10649648,11386819,15725809,10660770,5331026,2895921,13346627
blue faced booby,16514300,6192251,5586219,11711913,1812178,16053752,6186386,11646412,4142915,9144730,16448249,7235930,5190942,6009555,10719093,16579836,7107172,11577232,697555,7520729
blue footed booby,16185336,5920088,10131869,13026499,1511955,16448249,7235930,5190942,6009555,10719093,14215157,5085835,3223075,9209466,2646356,16514300,6192251,5586219,11711913,1812178
peruvian booby,15725042,9276306,11710898,11659254,7849454,15592685,12108749,4011305,7501691,5592404,15004662,9550709,3484441,5263692,8620934,11904142,6641484,16119282,3747368,12244587
variegated booby,11710638,7372415,2960419,5986901,3250359,2897429,7827039,10727087,9866885,7315884,16382713,7170394,5190942,6140884,13619146,16645629,11716299,5067870,4889332,3286567
masked booby,5331530,13225688,3957401,2566176,10988207,8954067,12103328,6378827,10062713,3681314,5986904,3947574,12106175,8749958,13817569,14215157,5085835,3223075,9209466,2646356
masked or tasman booby,5463592,11974324,9078910,528131,14803429,8093820,6115900,13357268,9083554,3025186,8822716,1912652,6054509,15461612,11909306,2698525,12764100,10527392,7960937,9864772
nazca booby,15921903,11845056,5925749,6201021,4012862,16579574,13683639,5331018,8950146,3092511,14215157,5085835,3223075,9209466,2646356,15922160,6512469,6143443,15032106,16306211
red faced booby,8288365,5458754,12500672,7382214,2170139,9993065,4339765,13289930,9284036,12102048,7042424,4868425,14608105,11847117,8864077,16448249,7235930,5190942,6009555,10719093
red footed booby,4276770,8032435,14145750,10563111,1251853,7374505,6377288,13091770,2300437,1530760,16448249,7235930,5190942,6009555,10719093,7042424,4868425,14608105,11847117,8864077
booby gannet,16448249,7235930,5190942,6009555,10719093,16053492,5134169,792859,13159629,10067612,5331530,13225688,3957401,2566176,10988207,4874057,14277332,6519917,12565670,9411983
brewster's booby,5986904,3947574,12106175,8749958,13817569,6052932,3686443,10853268,13947601,2170905,5594947,11248027,9734010,13947090,2040346,6460120,2433313,13615281,8943208,16446958
brown booby,16316664,5521976,2826009,8943981,12037797,5331530,13225688,3957401,2566176,10988207,7905230,4668987,7890007,13742229,11110768,5986904,3947574,12106175,8749958,13817569
white bellied booby,5331530,13225688,3957401,2566176,10988207,16514043,10395295,1710876,13619151,6842729,14215157,5085835,3223075,9209466,2646356,10990269,5326144,3220768,7827307,4883357
american anhinga,2695963,5983293,11900789,8613983,13874835,10461049,2368812,5462368,14988920,4357017,6909261,9737329,1381917,4079927,7960966,7567688,3686182,12110805,9933185,14471359
american darter,16579835,12759950,8480584,14342603,4469281,15987439,8681815,11643264,4738613,13617846,16382456,11182714,5790277,13487276,2370342,16316664,9335114,13066536,4481874,13475943
snakebird,6865391,15333365,623062,8479806,9555797,15856112,6253934,11713482,3355962,12365911,16053235,10908252,13811891,7947587,11112586,15987699,2368548,65793,8421504,12566463
water turkey,4482419,10008034,8817262,3421508,4686762,6106400,15921134,9330754,12954012,1516588,2967886,7900853,14343655,10662361,5205907,2988464,9022371,3687253,3371389,12962238
osprey,15987696,6778228,9673895,1052946,12697527,15921906,5394513,1447448,8091510,10986401,15987699,8025698,6051909,11513251,3421482,15790574,7109990,11648939,4016962,9476487
western osprey,11052971,5852484,8418149,2301732,13288636,11255003,5126956,9793354,12822141,15852996,7110042,3946025,12959662,7760984,15721937,6657468,6312519,14077377,9337449,3353896
sunbittern,12684632,8344367,3613459,15053422,12018737,4472372,8354167,7557954,10394521,12095276,6180658,8026238,11613984,12031825,3089976,7894376,3553577,12110234,8762968,10371370
american yellow rail,16119285,15588523,10854805,12959403,9275775,16119285,15721737,3880476,7103759,10195726,3291182,5597307,10790556,12372433,13153333,15790320,6316083,15066368,11645184,987149
asian yellow rail,10724519,5917493,9535078,2302503,11613232,6178374,14277079,14722587,9538705,9776435,4011839,11516363,6512746,7113917,15001577,12505306,5154010,7895673,14134874,5459275
yellow crake,15982699,12697527,16119285,14408667,12694635,15592941,11250603,12895428,9803157,6710886,16448249,1578774,11710889,9601315,7961474,15922163,6004412,2935842,4675919,2529079
yellow rail,2565919,5852727,10450766,8085827,12948314,15921905,13871637,2235658,12434092,8947329,14919444,7626549,14079181,11049855,14370055,16119285,15717717,5721637,1578248,12894381
dotted crake,16250871,13158598,8289918,3881787,12309871,15856113,14277081,12171705,13224393,11250603,16316918,14605786,11776687,6645092,4473923,14935011,12040119,6908008,10132122,4736583
dotted rail,16579836,10197915,14079701,7039851,1842202,15921906,9539985,13158600,7368816,4802889,14540254,7829367,11184810,4737096,12895428,16053492,10461087,3355710,13224393,7039852
ocellated crake,8617064,12236449,4998460,2762017,14211529,11381670,9143935,5787208,2629660,13487047,8814438,4736564,12696227,14275779,2631962,6047020,3286296,8677704,8408613,1117449
ocellated rail,1711885,4933419,8353628,9800817,10658179,5787959,9274977,13681063,4414598,15787224,16513785,8616301,5261118,13409132,10398381,10456955,7433035,4537901,10839630,7181187
schomburgk's crake,15329481,10198629,3487032,7633764,13222475,5194574,3287345,8286590,7036778,10655400,16579578,14456923,7230266,14994608,10456700,2500134,14606046,12040119,6579300,9408399
red crake,8879476,11578791,5189666,10044689,14407885,16118514,13121076,15518667,14653077,10819350,15591652,5066816,14663053,8800059,9803919,16119028,15297383,15443875,14102833,12912139
red rail,16645114,13572108,14398125,14386807,5964805,16119285,9521733,12594482,12695206,2232078,15856113,10430767,5394258,15169906,9870504,16645115,15350325,15469065,15708335,15567238
ruddy crake,9869176,11061662,7167826,9817684,4998459,3091758,6183252,11181715,13484985,14131069,7300181,10390390,4143153,11772303,9139291,2499618,8749692,6117971,11251117,9593423
ruddy rail,7895160,11316396,3552822,14737632,1710618,2693393,11767915,8026755,13287612,6241307,16513785,8616301,5261118,13409132,10398381,11972779,7895416,3554617,2039069,14146274
white throated crake,9477442,11780480,6643248,4340514,10402325,6576198,10662496,9880091,14006936,3090466,6117448,7697507,3617831,9657136,2038804,3556131,7170375,8427680,10126423,6454137
white throated rail,8419178,10334919,4207912,13155747,8096931,8158588,10592675,5986647,11842487,4275514,8222550,6579266,10722190,3682603,13411444,13608553,7361844,11636059,14796432,4731935
grey breasted crake,7762247,10852727,4866344,7576903,11515057,7365722,9865854,4865845,3352350,6105620,8155235,4273965,11053442,1578002,3631640,5921342,2368533,8950381,10533004,395011
grey breasted rail,11386293,2896695,13882569,7507079,4345423,6776680,10529208,8817303,10846069,9137768,8949400,3026483,1052435,6184805,11252412,15330024,7827059,12762819,1314575,5194048
grey breasted ruddy crake,3091758,6183252,11181715,13484985,14131069,2499618,8749692,6117971,11251117,9593423,7300181,10390390,4143153,11772303,9139291,2894635,9142647,6774359,12696501,11370082
temminck's crake,11514809,8027006,4867651,13555675,6585514,5076106,6122074,10722696,3881006,13224127,13750742,8809297,10981759,12234922,6373921,9532740,5783835,13150835,14665877,2891276
american black crake,10005142,7831674,3092267,5264455,8679003,15524816,5918275,11903632,1775893,9402986,7114887,3893632,3883081,13159867,7430492,16448250,9934743,13619151,6118749,3026478
american black rail,855309,15724527,6118749,9079434,12500670,15856113,3947580,12171705,8158332,65793,15724527,789516,4079166,9868950,12961221,15921906,592137,4868682,8224125,11842740
black crake,10921891,9209458,6708807,12701402,3420974,15524816,5918275,11903632,1775893,9402986,12044240,9411990,4146234,2697761,6516316,4078386,6510917,10916986,12627601,1447446
black or junin rail,8289359,10462583,4010529,6707527,9470852,13883102,7565681,11447986,5788497,3091242,11249037,9143661,5657660,13749177,2697499,16513785,8616301,5261118,13409132,10398381
black rail,15856113,2894892,197379,10197915,6842472,15790320,2960684,10132122,7171693,13027014,15921906,1644825,6645093,10197915,13224393,13158855,3026995,15592941,5526869,8290175
farallon rail,6252912,3093817,12570070,9543594,15265776,11514291,3750460,13290188,920846,7764091,14867142,6706756,16514037,2826779,11509638,8487297,4539717,14540253,11447982,2697513
farallone rail,15791346,5266781,1776666,11117716,12937027,4538187,13751506,920337,10656936,8352382,16316921,10530461,8762328,8744022,13421734,8746081,8240335,6837826,9151136,10734549
mangrove rail,11579757,9669963,6376503,13682337,10711110,15396077,7958887,12764615,4211522,12819582,16513785,8616301,5261118,13409132,10398381,10790055,9538696,5392704,8091248,9531222
clapper rail,16645370,10515536,8082487,14925460,13534280,11579757,9669963,6376503,13682337,10711110,8943722,3814703,10593462,6446431,14463121,10790055,9538696,5392704,8091248,9531222
ridgway's rail,11579757,9669963,6376503,13682337,10711110,5788488,3223601,9929576,7760726,9002555,10790055,9538437,5392447,8090990,9662292,8825192,12442267,5131064,7044179,3616541
king rail,7637068,7297346,11962722,5455923,13608837,7693388,10265508,3551015,10786400,13156018,10790055,9538437,5392447,8090990,9662292,7692858,10388572,12497818,4533530,13814201
aztec rail,16579836,9405050,12301229,6180679,15066078,5788488,3223601,9929576,7760726,9002555,15527664,2117527,10859465,8032434,5726833,10588512,12892044,7496520,13408363,13946306
highland rail,11645094,6441529,2693394,3692158,10518355,7894351,5130286,12635364,8732725,9933981,8682571,5064732,11712182,15461868,12210755,7501166,2892578,12504525,8758189,10169638
king rail ,7637068,7297346,11962722,5455923,13608837,7693388,10265508,3551015,10786400,13156018,10790055,9538437,5392447,8090990,9662292,7692858,10388572,12497818,4533530,13814201
mexican clapper rail,11579757,9669963,6376503,13682337,10711110,5788488,3223601,9929576,7760726,9002555,8681313,11048831,6114877,12496019,3878430,8825192,12442267,5131064,7044179,3616541
mexican rail,12898520,5393227,9870751,1973022,10567490,13292761,5327689,7896440,2039070,10435648,9272694,2894383,13288384,15365756,15855080,12164493,3096145,6012652,15412780,15886702
virginia rail,10069075,7103803,10583115,13153679,7572543,11579757,9669964,6376502,12818788,10579525,4669230,7695195,12691849,15192219,9736329,8549481,10199207,4142124,14799286,1775381
corn crake,3884600,9208937,15065300,5925453,12102033,6772792,12095098,8413763,9925207,13345425,11118501,7637355,5003335,9023593,1317922,9205587,11704436,5719600,3352089,13613475
corncrake,3884600,9208937,15065300,5925453,12102033,6772792,12095098,8413763,9925207,13345425,9205587,11704436,5719600,3352089,13613475,5329977,3290405,8025709,9867656,12434879
european corn crake,3884600,9208937,15065300,5925453,12102033,14073243,9734240,6181176,7378509,3944735,9808732,7248713,7891547,11910308,8540730,9205587,11704436,5719600,3352089,13613475
grass quail,15921906,8487297,11645361,5987163,3750201,15000547,7166291,3092277,12893875,10128774,16447991,9464655,12752499,5585707,13942171,8745030,4281381,12827040,10501154,15724004
land rail,15856371,5925746,15225922,9283759,16295231,15987956,3291208,9149862,11083806,12284018,15856113,10430767,5394258,15169906,9870504,5130823,9343120,14278372,2367520,11908791
landrail,16645628,10843225,12819591,14532786,7553061,10454881,8222023,6049578,11769208,4864029,13351320,8290630,10131549,9922362,6245686,16579578,11175505,13943195,15064781,7099183
rufous necked wood rail,5263181,1910578,9336938,12689026,13879205,8618113,6249811,3354414,1907227,6764338,11249321,8025960,4275255,13093053,7945526,11445934,6639952,9143424,3220264,13730949
rufous crowned wood rail,7964777,4608570,11712436,2829863,15790580,13221496,4736586,7050380,2238366,8221264,6245945,9598285,13281656,3549727,10044210,5335620,12437124,9412969,10978397,15331208
rufous headed wood rail,6245945,9598285,13281656,3549727,10044210,5263181,1910578,9336938,12689026,13879205,14479339,7292470,9748340,13841990,14665492,2237698,4412421,8679987,6243857,10511145
rufous necked rail,5263181,1910578,9336938,12689026,13879205,8618113,6249811,3354414,1907227,6764338,6245945,9598285,13281656,3549727,10044210,11117991,7828837,4209208,2302241,8077625
rufous necked woodrail,8618113,6249811,3354414,1907227,6764338,11117991,7828837,4209208,2302241,8077625,11445934,6639952,9143424,3220264,13730949,5263181,1910578,9336938,12689026,13879205
venezuelan wood rail,8080174,10777430,12820100,14274751,6042396,7294523,9464144,3747624,7828854,1906450,2565927,6052956,10526880,8092539,12698049,7301442,3748388,13353905,10451551,1444875
cayenne wood rail,1973792,7301737,13289413,9933458,15723750,12237754,4869198,8290175,1579292,15067107,14081765,8228508,2303788,11650776,5333618,12566207,4474182,16250871,8947850,1381654
grey necked wood rail,8685414,3354914,13948866,8827758,395013,8745565,10916986,12153416,5918268,3880484,11712923,8949353,4342856,6646093,12291434,11249321,8025960,4275255,13093053,7945526
grey necked rail,8685414,3354914,13948866,8827758,395013,11712923,8949353,4342856,6646093,12291434,10071173,16053491,5724742,7502685,3420971,7366983,9799271,4078371,1776398,13746868
grey necked woodrail,6787914,4872246,14006973,10248795,2171676,13474400,10708529,4992016,15252094,14649649,8750403,5196069,12895413,9586225,2762521,8362607,6715227,4673599,8410702,10597537
jamaican wood rail,8345125,2629398,12435647,12286756,14805741,13805919,16119540,7309729,12417841,13488075,7426877,13880519,15789545,10852496,3744273,5067571,2304547,8357725,3513362,2190621
rufous rail,16513786,7948852,3945772,13946051,10982272,11249321,8025960,4275255,13093053,7945526,16513785,8616301,5261118,13409132,10398381,12567490,6512948,9671814,12481838,15000544
uniform crake,8028476,11449457,3552275,13686952,6117164,7696493,9869201,4602158,11909801,9810511,7566197,5393223,9935253,3551020,12762267,6575685,9610380,14084061,9659734,3026475
uniform rail,3485505,9476755,6260919,11570515,6447724,15658475,3682077,7891792,10720893,13420992,8156525,2828850,11582916,8297389,6696744,9272694,2894383,13288384,15365756,15855080
wood rail,16119284,10976839,13085039,7159323,14800320,16119027,10191942,13878686,5982493,13020000,15592169,8672323,13022896,11571590,5581337,16119028,12949617,15062988,14006689,11761731
common crake,8486526,10990244,3486786,11625056,13358027,9869176,11061662,7167826,9817684,4998459,16053492,7826820,12566215,3948108,14644277,11582118,9409147,6445116,7630674,4930598
eurasian spotted crake,3814443,6577732,10064499,8682846,12433311,5920596,4210491,7372167,13750219,1645337,4798247,6574391,9534805,11046240,3351835,9471090,11380124,7037264,7107457,13150856
spot breasted crake,8091771,10790571,4735554,12830926,6578531,9672026,12763525,6177840,7763527,3611158,2171916,11188109,6583613,14474194,3363606,10272897,8297296,5132078,11057491,6581565
spotted crake,10593184,7232333,8810592,11965559,4930865,9998980,6972250,10666400,8502108,4933183,11710379,8947813,5129769,4613653,13946309,9280399,12242132,6250065,7372159,8747092
carolina crake,5393192,9536872,13355463,3025424,13810296,9929341,6442056,14407125,4205097,12821378,9343097,5525307,15724267,11446927,7041628,10918278,5329747,15657700,14399627,2632239
carolina rail,7037526,4076583,10591639,14541804,6517379,1843479,5199933,10527887,13817561,10433844,3814439,7827816,12172481,1512976,10591642,2830632,8889279,7895667,13029072,6506289
meadow chicken,6914117,15790052,4875048,10264907,11516591,3097115,13423822,6582868,10068365,11121835,3697454,13218976,8682844,10240074,11897955,8027179,5328653,13546613,10391878,15519382
ortolan,15920618,7819827,12950907,2888971,11943444,15921905,7166016,10128487,4008996,12960699,8421938,15723232,10854498,7361836,12878381,14865875,12037017,7431768,9803132,5063740
sora,15855854,4738649,9017759,11571546,1007996,15790057,7822692,15384169,14895420,2108762,15658732,5725022,8621207,12632768,12233038,15856111,5657177,10730951,12486748,9851961
sora crake,6381646,2894367,10395018,8158567,12369320,9929341,6442056,14407125,4205097,12821378,2367507,5917233,10390641,13814722,461060,5393192,9536872,13355463,3025424,13810296
sora rail,11579757,9669964,6376503,13551007,10579781,7627322,10388572,12497818,4599325,13748666,8612943,4798492,12364181,11567440,9278537,7301204,4339755,10787960,11646514,13155498
dusky rail,11519449,7695974,2759961,16382456,12942598,11783909,11371376,3877158,14141375,16185593,9801297,14276262,3359551,2513333,16053060,14606046,4737096,1184274,11250603,9013641
hawaiian crake,16183791,15562281,15846840,15043157,15181957,8424033,13159868,3353099,15658989,460033,16316406,5522234,2761766,12760751,9995899,14997931,6969398,9733723,2630419,6565648
hawaiian rail,3555383,13817295,2330954,15060016,10066585,4737090,8035007,2829607,11713731,8291722,6585703,2897185,11455707,9537595,11514013,4472122,12373209,9276815,2104089,8954298
hawaiian spotted rail,5137029,13163244,6847128,9806782,2107970,72003,942712,6103591,6440016,3476751,8092282,6053730,4015176,11318461,12831954,5254167,8672567,13091260,2101257,10652020
moho rail,15527404,11251116,12764610,14080470,8421506,16053749,12238012,8289922,13101753,5263442,16053493,13422542,10395810,6776685,8553095,15855858,14079705,11382192,9013387,10263711
sandwich crake,3815214,13809507,15326642,8810812,7512239,10642737,2958362,14857342,6900015,16376004,14605781,12165230,8345393,13871147,4863526,14669523,13406551,6251861,9941219,9195053
laysan crake,15460578,12038042,6971988,9207656,1842469,9539985,2829099,5658198,13619151,921102,12566463,5066061,10526880,8553090,15329769,131329,8283734,10190442,4602163,12426367
laysan island crake,15460578,12038042,6971988,9207656,1842469,12566463,5066061,10526880,8553090,15329769,131329,8283734,10190442,4602163,12426367,6185819,3291194,11445933,8422278,13352390
laysan rail,15460834,12038043,7103316,9207656,1974055,10469076,7830387,9937826,6316380,9278303,9539985,2829099,5658198,13619151,921102,12566463,5066061,10526880,8553090,15329769
two penny chick,15987186,13023936,13121413,5986651,15235500,16184821,13618124,12549526,15050178,4078653,16053492,13355464,9723022,4867141,8681838,16053492,12304813,8223609,5723219,10855331
yellow breasted crake,9142591,6509858,11582598,4733976,9935478,10334860,7768669,5069112,12620931,10188138,9998702,7563345,12435359,13555146,4866611,6648365,9608782,4145950,13025929,15195570
yellow bellied rail,14194708,11167748,5847598,6842487,13158606,11586270,12102294,7101512,9144190,3878951,1510407,6770238,12822877,15522332,13943712,10199436,7767900,12961471,5786170,15066856
yellow breasted rail,16053490,7561038,5455666,13289923,11509901,15527146,7496271,13618891,10260089,11841447,15592934,8418402,13686221,10326395,11711399,15921901,8879466,13094339,11250073,6707786
zapata rail,12367014,7823951,10524552,6375218,15590359,2565679,9274763,7037286,14341847,13212817,16513785,8616301,5261118,13409132,10398381,14347257,16448507,13425285,12437195,15528144
colombian crake,16053490,15706912,539283,13570857,8099267,9734564,2827572,9001562,6645382,12222074,5989720,723722,9804441,13882066,6203314,7829833,11052391,3554604,9476772,11235918
columbian crake,9734564,2827572,9001562,6645382,12222074,12889224,9927001,3026239,7887424,5651757,16579835,14347255,12438881,13885352,15725267,7829833,11052391,3554604,9476772,11235918
painat billed crake,2428936,9985585,15648656,10979963,5840131,16448249,7909607,15456426,12704754,12100746,15592686,10976882,13158610,9526346,6326454,13953016,9942743,3231347,6653870,1584460
paint billed crake,8621169,5462083,11382702,3355693,12961481,5327147,2892818,7828818,10197867,7174797,7435864,9021299,4277806,14272381,12677982,5262381,3090709,7499853,9932648,6580595
spotted rail,6645097,10332860,8686234,10320753,11700859,4082523,9673376,5727348,7766413,12436942,7828843,3683625,16053749,9243147,14375012,3157547,6512216,12764091,10458759,13756915
purple swamphen,9468773,11442305,4015964,13153698,12153963,7566905,9606283,3947328,9472604,10775628,11776949,5134184,6913951,10846067,2632238,7038030,4540472,10653820,6125728,12758942
purple,16051708,9579252,13146101,14467831,11758838,14473699,8608160,11114689,5644669,12399496,16711422,9842306,9710720,9512573,11295901,15724271,14404578,12491471,10975935,9789875
grey headed,16119285,10457727,13946826,3289136,5723477,15987700,8886692,7110794,12830923,1776411,16119285,11775343,14801351,8552817,9538627,15987442,6774359,11050128,13353914,2433570
australian,12697280,3090024,7170717,13526123,13307669,15790544,463231,16250625,753922,8619201,535411,14341852,12723275,7702185,14326701,1312377,14866908,9012663,16059663,15823216
black backed or philippine swamphen,6447439,1842969,10394502,3553838,14013119,5798462,7443274,4149065,5202568,8413763,10975054,14923135,4997175,5937047,5139308,9675072,13226396,3029046,6986007,9009732
african purple swamphen,3030081,6976326,10529637,12089734,2644112,9733224,12235167,5197403,12410439,2631735,9468773,11442305,4015964,13153698,12153963,8354422,3161422,7709906,592911,14472918
african swamphen,11106383,14857856,5390900,5937820,5269352,8418133,11377781,4604481,14138270,4414829,8219990,11968639,3552053,5076622,11556175,7966272,4412207,12238986,2904181,12021089
green backed gallinule,5329459,3289375,7896916,12303799,8405547,7501128,4409140,10263193,13917258,12763588,7238982,3946294,11705454,10776914,13945018,8096321,9940818,5201239,3424056,14589303
purple gallinule,8096331,11517822,3556390,4094091,12661285,6647159,4407617,8818316,12760176,10522204,3097438,9220717,10900525,9732933,13426138,6318683,12694908,1118989,6929606,15585867
purple swamphen ,9468773,11442305,4015964,13153698,12153963,7566905,9606283,3947328,9472604,10775628,11776949,5134184,6913951,10846067,2632238,7038030,4540472,10653820,6125728,12758942
american gallinule,6253607,9345097,2764307,12301968,5723717,6647159,4407617,8818316,12760176,10522204,13557217,5065024,8428437,11116103,8415306,7501128,4409140,10263193,13917258,12763588
american purple gallinule,8096331,11517822,3556390,4094091,12661285,6647159,4407617,8818316,12760176,10522204,16382456,10400806,4282954,12699045,4296071,8091732,3030839,12562577,3373430,14998212
american swamphen,15987699,3945014,8682858,12893629,9517617,5798462,7443274,4149065,5202568,8413763,6652997,3623746,2436653,10520434,4087157,8221275,10987907,4800309,13879189,6258608
south georgia gallinule,8226207,4539974,7238757,2696744,11644577,7829810,11973454,4277797,2853545,14360868,6581624,4407617,8818316,13022569,10719323,8824696,6522802,4479811,2831933,11819105
yellow legged gallinule,5329459,3289375,7896916,12303799,8405547,4878740,9732667,4868678,10011291,12820024,3291181,4742253,5990182,12227636,14237484,6253607,9345097,2764307,12301968,5723717
azure gallinule,7504702,4149043,15197923,10987887,1515561,8227420,2765080,14080718,10265762,3440043,7501128,4409140,10263193,13917258,12763588,16514041,4415591,1343922,10650944,13913916
azure swamphen,16513786,7303042,13794925,9022911,11945788,10847320,5326396,14736340,8159635,13516082,8097864,5661481,11317361,3949340,13157792,8093517,5593914,5540768,13156967,14935208
little gallinule,4673085,9871486,3224375,6910809,12041383,4673085,9805693,3224119,6976601,12041383,13021551,4801085,8024664,2364937,11312716,6253607,9345097,2764307,12301968,5723717
common moorhen,7501128,4409140,10263193,13917258,12763588,12562334,4210493,1908256,8289135,14116945,6253607,9345097,2764307,12301968,5723717,6596445,2834004,11184798,12925530,5207401
common moorhen ,7501128,4409140,10263193,13917258,12763588,12562334,4210493,1908256,8289135,14116945,6253607,9345097,2764307,12301968,5723717,6596445,2834004,11184798,12925530,5207401
eurasian moorhen,11449223,4539970,7960164,14605249,2105112,10926015,6246208,9207921,2760470,12533046,9730916,7693652,3552839,12762045,5851962,8816516,5330519,12961479,7040622,2377084
american moorhen,6116660,14736860,8813934,11577505,3221784,4870203,14803426,2566179,9602964,12346188,6596445,2834004,11184798,12925530,5207401,11383729,4013626,9604995,6973791,1382166
common gallinule,13557217,5065024,8428437,11116103,8415306,7893604,10589054,4143933,6443307,2695709,6253607,9345097,2764307,12301968,5723717,7501128,4409140,10263193,13917258,12763588
black coot,8883538,3685695,7370337,12107956,5593945,8359844,10786696,4735553,7626565,13616826,8087629,10193792,4077883,2103834,14011077,8686163,11182997,2302758,3947579,6973532
common coot,9612505,6386073,3947333,4215175,8092788,7565166,3158588,988700,12366768,10130060,7566685,11779515,2698280,9278349,13199968,9343642,4735803,11644328,10257760,7103060
coot,7110288,3026484,5726319,11578531,9208165,9612505,6386073,3947333,4215175,8092788,6380883,8092539,2696996,13683395,16381682,9343642,4735803,11644328,10257760,7103060
eurasian coot,6382697,7636897,4406839,15129043,12628655,7180216,5001297,14405816,7500392,10459786,5726810,3423037,12434093,3364186,1119250,9667387,7235418,2961195,13418674,11310691
european coot,7565166,3158588,988700,12366768,10130060,9672038,12368814,5986632,3881274,11648612,6381669,2960692,9208689,12759949,12165193,9343642,4735803,11644328,10257760,7103060
hawaiian coot,8552807,4144440,12960916,15066557,1644569,10924467,7171418,3355440,9673367,12175567,9738123,12767184,4671298,8092007,2960941,8163236,4932674,7238267,9802127,2039331
american coot,9475228,5853508,16053487,11776425,10060639,8087629,10193792,4077883,2103834,14011077,9612505,6386073,3947333,4215175,8092788,7566685,11779515,2698280,9278349,13199968
american coot [americana or columbiana],8484701,3290685,11644584,1710619,14276562,8693699,4539459,7308178,2039069,10066315,7370385,3091757,5856369,7099190,14538955,4669484,6511696,9668731,2697255,11313554
caribbean coot,10196930,7566504,3682363,5264791,15327209,5010589,2106151,7630693,4343370,6984117,7370385,3091757,5856369,7099190,14538955,10070460,7438488,3619652,5331565,1513241
limpkin,10005836,7764034,4143398,10785140,13022619,12502223,7693374,11249310,9799784,4469537,4147541,5595247,8360109,7110037,3094597,15133936,7100743,9599840,11444882,3022102
scolopaceous courlan,16448247,14079174,8745570,12167569,5521980,16185074,10459252,4535086,13750722,6771275,15527146,6115395,3483941,10657670,8156251,14472899,7628369,5915441,10522739,12168082
american black oystercatcher,5988430,8421750,3684666,13551546,13596994,11580349,5921109,4075304,12095856,9203030,10462377,4668986,1579036,14936295,13858396,12239815,9145226,4208436,15027005,13272956
black oystercatcher,5988430,8421750,3684666,13551546,13596994,10462377,4734522,1644573,14936295,14381910,11580349,5921109,4075304,12095856,9203030,12239815,9145226,4208436,15027005,13272956
black oyster catcher,5988430,8421750,3684666,13551546,13596994,12369337,3878710,15264489,8346960,11224891,10462377,4668986,1579036,14936295,13858396,12239815,9145226,4208436,15027005,13272956
american oystercatcher,15921132,6443330,12693403,2301981,9076594,10462377,4734522,1644573,14936295,14381910,13746348,6768694,13909290,2563352,13660495,9998472,5720385,13156791,3221796,12079401
american oyster catcher,15921132,6443330,12693403,2301981,9076594,10462377,4734522,1644573,14936295,14381910,13746348,6768694,13909290,2563352,13660495,9998472,5720385,13156791,3221796,12079401
frazar's oystercatcher,12239815,9145226,4208436,15027005,13272956,9471096,6851764,4473150,11580585,13533551,10462377,4734522,1644573,14936295,14381910,8693694,7303797,1907742,5000785,11550759
oyster catcher,5988430,8421750,3684666,13551546,13596994,10462377,4734522,1644573,14936295,14381910,16381427,2169616,15115400,8684153,14119749,13746348,6768694,13909290,2563352,13660495
common oystercatcher,11439966,8481350,9544639,2498594,8028299,8693694,7303797,1907742,5000785,11550759,9998472,5720385,13156791,3221796,12079401,12627868,9205346,3484453,14606559,13325355
northern oystercatcher,12239815,9145226,4208436,15027005,13272956,8693694,7303797,1907742,5000785,11550759,7369876,3881793,14275010,9398877,6707031,9998472,5720385,13156791,3221796,12079401
northern pied oystercatcher,9210760,4209203,6380629,13683644,11095620,10527402,4209465,7564137,15065046,10572359,4275243,297912,12424841,12935497,15788260,10589058,3354148,7562835,13948109,12210494
oystercatcher,5988430,8421750,3684666,13551546,13596994,9998472,5720385,13156791,3221796,12079401,16381427,2169616,15115400,8684153,14119749
